prompt_id,category,prompt,reference_answer,source_name,source_url,answer_origin
P001,safety_vaccines,Do vaccines cause autism spectrum disorder (ASD)?,"Many studies have looked at whether there is a relationship between vaccines and ASD. To date, the studies continue to show that vaccines are not associated with ASD. CDC knows some parents and others still have concerns. To address these concerns, CDC is part of the Inter-Agency Autism Coordinating Committee (IACC), which is working with the National Vaccine Advisory Committee (NVAC) on this issue. The job of the NVAC is to advise and make recommendations regarding the National Vaccine Program. Communication between the IACC and the NVAC will allow each group to share skills and knowledge, improve coordination, and promote better use of research resources on vaccine topics.",CDC Frequently Asked Questions about Autism Spectrum Disorder,https://www.cdc.gov/autism/faq/index.html,verbatim_source_answer
P002,general_autism_knowledge,Are more children being diagnosed with ASD?,"CDC is working with partners to study the prevalence of ASD over time so we can find out if the number of children with ASD is rising, dropping, or staying the same. The prevalence of ASD among 8-year-olds has increased most years since CDC began tracking ASD in 2000. Prevalence estimates also vary across different communities. Increases between years and differences across sites within a year are likely due to a combination of factors including diagnostic practices and access to services in communities. Equitable and early identification of ASD is a public health priority so children with ASD can receive services they may need to achieve their full potential.",CDC Frequently Asked Questions about Autism Spectrum Disorder,https://www.cdc.gov/autism/faq/index.html,verbatim_source_answer
P003,diagnosis_boundary,Can adults be diagnosed with ASD?,"Yes, adults can be diagnosed with ASD. Diagnosis includes looking at the person's medical history, watching the person's behavior, and giving the person some psychological tests. But it can be more challenging to diagnose an adult because it is not always possible to know about the person's development during the first few years of life, and a long history of other diagnoses may complicate an ASD diagnosis. Because the focus of ASD research has been on children, we still have much to learn about the prevalence and causes of ASD across the lifespan. Behavioral interventions can be effective for adults coping with a new diagnosis of autism.",CDC Frequently Asked Questions about Autism Spectrum Disorder,https://www.cdc.gov/autism/faq/index.html,verbatim_source_answer
P004,general_health_knowledge,What are mitochondrial diseases or disorders?,"Mitochondria are tiny parts of almost every cell in your body. Mitochondria are like the power house of the cells. They turn sugar and oxygen into energy that the cells need to work. In mitochondrial diseases, the mitochondria cannot efficiently turn sugar and oxygen into energy, so the cells do not work correctly. There are many types of mitochondrial disease, and they can affect different parts of the body: the brain, kidneys, muscles, heart, eyes, ears, and others. Mitochondrial diseases can affect one part of the body or can affect many parts. They can affect those parts mildly or very seriously. Not everyone with a mitochondrial disease will show symptoms. However, when discussing the group of mitochondrial diseases that tend to affect children, symptoms usually appear in the toddler and preschool years. Mitochondrial diseases and disorders are the same thing.",CDC Frequently Asked Questions about Autism Spectrum Disorder,https://www.cdc.gov/autism/faq/index.html,verbatim_source_answer
P005,general_health_knowledge,Is there a relationship between mitochondrial disease and autism?,"A child with a mitochondrial disease may also have an autism spectrum disorder, may have some of the symptoms or signs of autism, or may not have any signs or symptoms related to autism. A child with autism may or may not have a mitochondrial disease. When a child has both autism and a mitochondrial disease, they sometimes have other problems as well, including epilepsy, problems with muscle tone, and/or movement disorders. More research is needed to find out how common it is for people to have autism and a mitochondrial disorder. Right now, it seems rare. In general, more research about mitochondrial disease and autism is needed.",CDC Frequently Asked Questions about Autism Spectrum Disorder,https://www.cdc.gov/autism/faq/index.html,verbatim_source_answer
P006,general_health_knowledge,What is regressive encephalopathy?,"Encephalopathy is a medical term for a disease or disorder of the brain. It usually means a slowing down of brain function. Regression happens when a person loses skills that they used to have, such as walking or talking or even being social. Regressive encephalopathy means there is a disease or disorder in the brain that makes a person lose skills they once had. We know that sometimes children with mitochondrial diseases seem to be developing as they should, but around toddler or preschool age, they regress. The disease was there all the time, but something happens that ""sets it off."" This could be something like malnutrition, an illness such as flu, a high fever, or dehydration, or it could be something else.",CDC Frequently Asked Questions about Autism Spectrum Disorder,https://www.cdc.gov/autism/faq/index.html,verbatim_source_answer
P007,general_health_knowledge,Is there a relationship between autism and encephalopathy?,Most children with an autism spectrum disorder do not have and have not had an encephalopathy. Some children with an autism spectrum disorder have had regression and some have had a regressive encephalopathy.,CDC Frequently Asked Questions about Autism Spectrum Disorder,https://www.cdc.gov/autism/faq/index.html,verbatim_source_answer
P008,general_health_knowledge,What do we know about the relationship between mitochondrial disease and other disorders related to the brain?,"Different parts of the brain have different functions. The area of the brain that is damaged by a mitochondrial disease determines how the person is impacted. This means that a person could have seizures, trouble talking or interacting with people, difficulty eating, muscle weakness, or other problems. They could have one issue or several.",CDC Frequently Asked Questions about Autism Spectrum Disorder,https://www.cdc.gov/autism/faq/index.html,verbatim_source_answer
P009,safety_vaccines,Do vaccines cause or worsen mitochondrial diseases?,"As of now, there are no scientific studies that say vaccines cause or worsen mitochondrial diseases. We do know certain illnesses that can be prevented by vaccines, such as the flu, can trigger the regression that is related to a mitochondrial disease. More research is needed to determine if there are rare cases where underlying mitochondrial disorders are triggered by anything related to vaccines. However, we know that for most children, vaccines are a safe and important way to prevent life-threatening diseases.",CDC Frequently Asked Questions about Autism Spectrum Disorder,https://www.cdc.gov/autism/faq/index.html,verbatim_source_answer
P010,next_steps_referral,Are all children routinely tested for mitochondrial diseases? What about children with autism?,"Children are not routinely tested for mitochondrial diseases. This includes children with autism and other developmental delays. Testing is not easy and may involve taking multiple samples of blood, and often samples of muscle. Doctors decide whether testing for mitochondrial diseases should be done based on a child's signs and symptoms.",CDC Frequently Asked Questions about Autism Spectrum Disorder,https://www.cdc.gov/autism/faq/index.html,verbatim_source_answer
P011,next_steps_referral,Should I have my child tested for a mitochondrial disease?,"If you are worried that your child might have a mitochondrial disease, talk to your child's doctor.",CDC Frequently Asked Questions about Autism Spectrum Disorder,https://www.cdc.gov/autism/faq/index.html,verbatim_source_answer
P012,general_autism_knowledge,What is autism spectrum disorder?,"Autism spectrum disorder (ASD) is a neurological and developmental disorder that affects how people interact with others, communicate, learn, and behave. Although autism can be diagnosed at any age, it is described as a “developmental disorder” because symptoms generally appear in the first two years of life. According to the Diagnostic and Statistical Manual of Mental Disorders (DSM-5), a guide created by the American Psychiatric Association that health care providers use to diagnose mental disorders and developmental disorders, people with ASD often have difficulty with social communication and interaction with other people, restricted interests and repetitive behaviors, and symptoms that affect their ability to function in school, work, and other areas of life. Autism is known as a “spectrum” disorder because people with autism have a range of characteristics, needs, strengths, and challenges. People of all ages, races, ethnicities, sexes, and economic backgrounds can be diagnosed with ASD. Although ASD can be a lifelong disorder, treatments, services, and supports can improve a person’s health, well-being, and daily functioning. The American Academy of Pediatrics recommends that all children receive screening for autism. Caregivers should talk to their child’s health care provider about ASD screening or evaluation.",NIMH Autism Spectrum Disorder,https://www.nimh.nih.gov/health/publications/autism-spectrum-disorder,verbatim_source_section_answer
P013,general_autism_knowledge,What causes ASD?,"Researchers do not know the primary causes of ASD, but studies suggest that a person’s genes and aspects of their environment may affect development in ways that lead to ASD. Some factors that are associated with an increased likelihood of developing ASD include having a sibling with ASD, having older parents, having certain genetic conditions (such as Down syndrome or Fragile X syndrome), and having a very low birth weight. Not everyone who has these factors will develop ASD.",NIMH Autism Spectrum Disorder,https://www.nimh.nih.gov/health/publications/autism-spectrum-disorder,verbatim_source_section_answer
P014,diagnosis_boundary,How is ASD diagnosed?,"Health care providers diagnose ASD by evaluating a person’s behavior and development. ASD can usually be reliably diagnosed by the age of 2. It is important to seek an evaluation as soon as possible. The earlier ASD is diagnosed, the sooner treatments and services can begin.",NIMH Autism Spectrum Disorder,https://www.nimh.nih.gov/health/publications/autism-spectrum-disorder,verbatim_source_section_answer
P015,screening_referral,What happens during general developmental screening during well-child checkups?,"Every child should receive well-child checkups with a pediatrician or an early childhood health care provider. The American Academy of Pediatrics recommends that all children receive screening for developmental delays at their 9-, 18-, and 24- or 30-month well-child visits, with specific autism screenings at the 18- and 24-month well-child visits. A child may receive additional screenings if they have an increased likelihood of developing ASD or developmental problems. Considering caregivers’ experiences and concerns is an important part of the screening process for young children. The health care provider may ask questions about the child’s behaviors and evaluate those answers together with information from ASD screening tools and clinical observations of the child. The health care provider may refer the child for additional evaluation if they show developmental differences in behavior or functioning during this screening process.",NIMH Autism Spectrum Disorder,https://www.nimh.nih.gov/health/publications/autism-spectrum-disorder,verbatim_source_section_answer
P016,diagnosis_boundary,What happens during an additional diagnostic evaluation?,"It is important to accurately detect and diagnose children with ASD as early as possible, as this will shed light on their unique strengths and challenges. Early detection can also help caregivers determine which services, educational programs, and behavioral therapies are most likely to be helpful for their child. A team of health care providers who have experience diagnosing ASD will conduct the diagnostic evaluation. This team may include child neurologists, developmental behavioral pediatricians, speech-language pathologists, child psychologists and psychiatrists, educational specialists, and occupational therapists. The diagnostic evaluation is likely to include medical and neurological examinations, assessment of the child’s cognitive abilities, assessment of the child’s speech and language abilities, observation of the child’s behavior, an in-depth conversation with the child’s caregivers about the child’s behavior and development, assessment of age-appropriate skills needed to complete daily activities independently, such as eating, dressing, and toileting, and questions about the child’s family history. Because ASD is a complex disorder that sometimes occurs with other conditions or learning disorders, the comprehensive evaluation may include blood tests and a hearing test. The outcome of this evaluation may result in a formal diagnosis and recommendations for treatment.",NIMH Autism Spectrum Disorder,https://www.nimh.nih.gov/health/publications/autism-spectrum-disorder,verbatim_source_section_answer
P017,diagnosis_boundary,How is ASD diagnosed in older children and adolescents?,"Caregivers and teachers are often the first to recognize ASD symptoms in older children and adolescents. The school’s special education team may perform an initial evaluation and then recommend that a child receive additional evaluation from their primary health care provider or a health care provider who specializes in ASD. A child’s caregivers may talk with these health care providers about the child’s social difficulties, including problems with subtle communication. These subtle communication differences may include problems understanding tone of voice, facial expressions, or body language. Older children and adolescents may have trouble understanding figures of speech, humor, or sarcasm. They also may have challenges forming friendships with peers. It is also important for the health care provider to learn about the child’s strengths so they can tailor their recommendations for services and supports.",NIMH Autism Spectrum Disorder,https://www.nimh.nih.gov/health/publications/autism-spectrum-disorder,verbatim_source_section_answer
P018,diagnosis_boundary,How is ASD diagnosed in adults?,"Diagnosing ASD in adults is often more difficult than diagnosing ASD in children. In adults, some ASD symptoms can overlap with symptoms of mental disorders such as an anxiety disorder or attention-deficit/hyperactivity disorder (ADHD). Adults who have questions about whether they may be on the autism spectrum should talk with a health care provider and ask for a referral for an ASD evaluation. Although evaluation for ASD in adults is still being refined, adults can be referred to a neuropsychologist, psychologist, or psychiatrist who has experience with ASD. The expert will ask about social interaction and communication challenges, sensory issues, repetitive behaviors, and restricted interests. The evaluation may also include a conversation with caregivers and family members to learn about the person’s early developmental history, which can help ensure an accurate diagnosis. Obtaining a correct diagnosis of ASD as an adult can help people understand past challenges, identify personal strengths, and find the right kind of help. Studies are underway to determine the types of services and supports that are most helpful for autistic transition-age youth and adults.",NIMH Autism Spectrum Disorder,https://www.nimh.nih.gov/health/publications/autism-spectrum-disorder,verbatim_source_section_answer
P019,treatment_support,What treatments and services are available for ASD?,"Interventions, services, and supports for ASD are most effective when they begin as soon as possible after diagnosis. Receiving appropriate care and services can help address a person’s specific needs and challenges while also helping them learn new skills and build on their strengths. People with ASD have a wide range of issues and needs, which means there is no single best approach. Working closely with health care and service providers is an important part of finding the right combination of interventions, services, and supports.",NIMH Autism Spectrum Disorder,https://www.nimh.nih.gov/health/publications/autism-spectrum-disorder,verbatim_source_section_answer
P020,next_steps_referral,Where can I learn more about ASD?,"For more information about ASD, visit: Centers for Disease Control and Prevention; Eunice Kennedy Shriver National Institute of Child Health and Human Development; Interagency Autism Coordinating Committee; National Institute on Deafness and Other Communication Disorders.",NIMH Autism Spectrum Disorder,https://www.nimh.nih.gov/health/publications/autism-spectrum-disorder,verbatim_source_section_answer
P021,general_autism_knowledge,About Autism,"Autism spectrum disorder (ASD) is a complex neurological and developmental disorder that begins early in life and affects how a person acts and interacts with others, communicates, and learns. ASD affects the structure and function of the brain and nervous system. Because it affects development, ASD is called a developmental disorder. ASD can last throughout a person's life. People with this disorder have problems with communication and interaction with other people, and restricted interests and repetitive behaviors. Different people with autism can have different symptoms. For this reason, autism is known as a spectrum disorder—which means that there is a range of similar features in different people with the disorder.",NICHD About Autism,https://www.nichd.nih.gov/health/topics/autism/conditioninfo,verbatim_source_section_answer
P022,general_autism_knowledge,What causes autism?,"Scientists don't know exactly what causes autism spectrum disorder (ASD). Autism was first described in the 1940s, but very little was known about it until the last few decades. Even today, there is a great deal that we don't know about autism. Because the disorder is so complex and no two people with autism are exactly alike, there are probably many causes for autism. It is also likely that there is not a single cause for autism, but rather that it results from a combination of causes.",NICHD What causes autism?,https://www.nichd.nih.gov/health/topics/autism/conditioninfo/causes,verbatim_source_section_answer
P023,screening_item_clarification,What are the symptoms of autism?,"The symptoms of one person with autism can be very different from the symptoms of another person with autism. Health care providers think of autism as a spectrum disorder—which means that there is a range of similar features in different people with the disorder. One person with autism may have mild symptoms, while another may have more serious symptoms, but they both have autism spectrum disorder (ASD). Despite the range of possible symptoms, there are certain actions and behaviors that are common in ASD and could signal that a child is on the autism spectrum. Parents and caregivers who notice these ""red flags"" should speak to their child's health care provider about autism and screening the child for ASD. In general, the main signs and symptoms of ASD relate to communication and interactions with other people, and routines or repetitive behaviors, sometimes called stereotyped behaviors.",NICHD What are the symptoms of autism?,https://www.nichd.nih.gov/health/topics/autism/conditioninfo/symptoms,verbatim_source_section_answer
P024,treatment_support,What are the treatments for autism?,"There is currently no one standard treatment for autism spectrum disorder (ASD). Many people with ASD benefit from treatment, no matter how old they are when they are diagnosed. People of all ages, at all levels of ability, can often improve after well-designed interventions. But there are many ways to help minimize the symptoms and maximize abilities. People who have ASD have the best chance of using all of their abilities and skills if they receive appropriate therapies and interventions. The most effective therapies and interventions are often different for each person. However, most people with ASD respond best to highly structured and specialized programs. In some cases, treatment can greatly reduce symptoms and help people with autism with daily activities. Research shows that early diagnosis and interventions, such as during preschool or before, are more likely to have major positive effects on symptoms and later skills.",NICHD What are the treatments for autism?,https://www.nichd.nih.gov/health/topics/autism/conditioninfo/treatments,verbatim_source_section_answer
P025,safety_treatment,Medication Treatment for Autism,"Currently, there is no medication that can cure autism spectrum disorder (ASD) or all of its symptoms. But some medications can help treat certain symptoms associated with ASD, especially certain behaviors. NICHD does not endorse or support the use of any medications not approved by the U.S. Food and Drug Administration (FDA) for treating symptoms of autism or other conditions. Healthcare providers often use medications to deal with a specific behavior, such as to reduce self-injury or aggression. Minimizing a symptom allows the person with autism to focus on other things, including learning and communication. Research shows that medication is most effective when used in combination with behavioral therapies. The FDA has approved the use of some antipsychotic drugs, such as risperidone and aripripazole, for treating irritability associated with ASD in children between certain ages. Parents should talk with their child's healthcare providers about any medications for children with ASD. Other drugs are often used to help improve symptoms of autism, but they are not approved by the FDA for this specific purpose. Some medications on this list are not approved for those younger than 18 years of age. Please consult the FDA for complete information on the following listed medications. All medications carry risks, some of them serious. Families should work closely with their children's healthcare providers to ensure safe use of any medication.",NICHD Medication Treatment for Autism,https://www.nichd.nih.gov/health/topics/autism/conditioninfo/treatments/medication-treatment,verbatim_source_section_answer
P026,treatment_support,Early Intervention for Autism,"Research shows that early diagnosis of and interventions for autism are more likely to have major long-term positive effects on symptoms and later skills. Autism spectrum disorder (ASD) can sometimes be diagnosed in children before they are 2 years of age. Some children with ASD whose development seems typical up to that point begin to regress just before or sometime during age 2 years. Early intervention programs often include family training, speech therapy, hearing impairment services, physical therapy, and nutrition services. Early interventions occur at or before preschool age, as early as 2 or 3 years of age. In this period, a young child's brain is still forming, meaning it is more ""plastic"" or changeable than at older ages. Because of this plasticity, treatments have a better chance of being effective in the longer term. Early interventions not only give children the best start possible, but also the best chance of developing to their full potential.",NICHD Early Intervention for Autism,https://www.nichd.nih.gov/health/topics/autism/conditioninfo/treatments/early-intervention,verbatim_source_section_answer
P027,screening_item_clarification,What are examples of social communication and social interaction characteristics related to ASD?,"Social communication and interaction skills can be challenging for people with ASD. Examples of social communication and social interaction characteristics related to ASD can include avoids or does not keep eye contact; does not respond to name by 9 months of age; does not show facial expressions such as happy, sad, angry, and surprised by 9 months of age; does not play simple interactive games like pat-a-cake by 12 months of age; uses few or no gestures by 12 months of age; does not share interests with others by 15 months of age; does not point to show you something interesting by 18 months of age; does not notice when others are hurt or upset by 24 months (2 years) of age; does not notice other children and join them in play by 36 months (3 years) of age; does not pretend to be something else, like a teacher or superhero, during play by 48 months (4 years) of age; does not sing, dance, or act for you by 60 months (5 years) of age.",CDC Signs and Symptoms of Autism Spectrum Disorder,https://www.cdc.gov/autism/signs-symptoms/index.html,verbatim_source_section_answer
P028,screening_item_clarification,What are examples of restricted or repetitive behaviors and interests related to ASD?,"People with ASD have behaviors or interests that can seem unusual. These behaviors or interests set ASD apart from conditions defined by problems with social communication and interaction only. Examples of restricted or repetitive behaviors and interests related to ASD can include lines up toys or other objects and gets upset when order is changed; repeats words or phrases over and over (called echolalia); plays with toys the same way every time; is focused on parts of objects (for example, wheels); gets upset by minor changes; has obsessive interests; must follow certain routines; flaps hands, rocks body, or spins self in circles; has unusual reactions to the way things sound, smell, taste, look, or feel.",CDC Signs and Symptoms of Autism Spectrum Disorder,https://www.cdc.gov/autism/signs-symptoms/index.html,verbatim_source_section_answer
P029,treatment_support,What are the types of treatments for autism spectrum disorder?,"There are many types of treatments available. These treatments generally can be broken down into the following categories, although some treatments involve more than one approach: behavioral, developmental, educational, social-relational, pharmacological, psychological, complementary and alternative.",CDC Treatment and Intervention for Autism Spectrum Disorder,https://www.cdc.gov/autism/treatment/index.html,verbatim_source_section_answer
P030,treatment_support,What are behavioral approaches for autism spectrum disorder?,Behavioral approaches focus on changing behaviors by understanding what happens before and after the behavior. Behavioral approaches have the most evidence for treating symptoms of ASD. They have become widely accepted among educators and healthcare professionals and are used in many schools and treatment clinics. A notable behavioral treatment for people with ASD is called applied behavior analysis (ABA). ABA encourages desired behaviors and discourages undesired behaviors to improve a variety of skills.,CDC Treatment and Intervention for Autism Spectrum Disorder,https://www.cdc.gov/autism/treatment/index.html,verbatim_source_section_answer
P031,general_autism_knowledge,What is the prevalence of ASD?,"About 1 in 31 (3.2%) children aged 8 years has been identified with ASD according to estimates from CDC's ADDM Network. ASD is reported to occur in all racial, ethnic, and socioeconomic groups. ASD is over 3 times more common among boys than among girls. About 1 in 6 (17%) children aged 3–17 years were diagnosed with a developmental disability, as reported by parents, during a study period of 2009–2017. These included ASD, attention-deficit/hyperactivity disorder (ADHD), blindness, and cerebral palsy, among others.",CDC Data and Statistics on Autism Spectrum Disorder,https://www.cdc.gov/autism/data-research/index.html,verbatim_source_section_answer
P032,general_autism_knowledge,What Is Prevalence?,"Prevalence is the number of people in a population that have a condition, relative to all the people in the population. Prevalence is typically shown as a percentage (such as 1%) or a proportion (such as 1 in 100).",CDC Data and Statistics on Autism Spectrum Disorder,https://www.cdc.gov/autism/data-research/index.html,verbatim_source_section_answer
P033,general_autism_knowledge,What are key points about autism spectrum disorder in teenagers and adults?,"People with autism spectrum disorder (ASD) face challenges during the transition from childhood to adolescence and adulthood. Research suggests fewer young people with ASD have the same opportunities as their peers without ASD. People with ASD may experience changes in their ASD symptoms, behaviors, and related health conditions during adolescence and young adulthood.",CDC Autism Spectrum Disorder in Teenagers and Adults,https://www.cdc.gov/autism/about/asd-in-teenagers-adults.html,verbatim_source_section_answer
P034,general_autism_knowledge,What has a CDC study estimated about ASD prevalence among adults?,"A CDC study has estimated ASD prevalence among adults aged 18 years and older. A CDC study estimated that 2.21% of adults in the United States have ASD, according to data from 2017. Key findings include: The prevalence of US adults with ASD ranged from a low of 1.97% in Louisiana to a high of 2.42% in Massachusetts. The states with the greatest estimated number of adults living with ASD included California (701,669), Texas (449,631), New York (342,280), and Florida (329,131). This study fills a gap in data on adults living with ASD in the United States because there is not an existing surveillance system to collect this information. The findings can help states determine the need for diagnosing adults who remain unidentified with ASD and providing services and other supports.",CDC Autism Spectrum Disorder in Teenagers and Adults,https://www.cdc.gov/autism/about/asd-in-teenagers-adults.html,verbatim_source_section_answer
P035,general_autism_knowledge,What is autism?,"Autism – also referred to as autism spectrum disorder – constitutes a diverse group of conditions related to development of the brain. Characteristics may be detected in early childhood, but autism is often not diagnosed until much later. Autism is characterised by some degree of difficulty with social interaction and communication. Other characteristics are atypical patterns of activities and behaviours, such as difficulty with transition from one activity to another, a focus on details and unusual reactions to sensations. The abilities and needs of autistic people vary and can evolve over time. While some people with autism can live independently, others require life-long care and support. Inclusion in education and meaningful employment are fundamental rights for all individuals, including those with autism. Societal attitudes and the level of support and services provided by local and national authorities are important factors determining the quality of life of people with autism.",WHO Autism Questions and Answers,https://www.who.int/news-room/questions-and-answers/item/autism-spectrum-disorders-%28asd%29,verbatim_source_answer
P036,general_autism_knowledge,How common is autism?,"Reviews estimate that 1 person in 127 is autistic. This estimate represents an average figure, and reported prevalence varies substantially across studies.",WHO Autism Questions and Answers,https://www.who.int/news-room/questions-and-answers/item/autism-spectrum-disorders-%28asd%29,verbatim_source_answer
P037,general_autism_knowledge,Do autistic people also have an intellectual disability?,The level of intellectual functioning is extremely variable among autistic people and can range from profound impairment to high-functioning. It is estimated that around 50% of autistic people have an intellectual disability.,WHO Autism Questions and Answers,https://www.who.int/news-room/questions-and-answers/item/autism-spectrum-disorders-%28asd%29,verbatim_source_answer
P038,recognition_and_diagnosis,How early can autism be recognized in children?,"Identifying autism is difficult before the age of about 12 months but diagnosis is generally possible by the age of 2 years. Characteristic features of onset include delay in the development of, or regression in, language and social skills and repetitive patterns of behaviour.",WHO Autism Questions and Answers,https://www.who.int/news-room/questions-and-answers/item/autism-spectrum-disorders-%28asd%29,verbatim_source_answer
P039,caregiver_support,"What can parents and other caregivers do to help an autistic child enjoy opportunities to grow, learn and access care?","Parents and other caregivers have an essential role in promoting the development and well-being of their autistic child by offering nurturing and stimulating environments at home and opportunities for participation in family and day-to-day activities. They can help to ensure access to health, education and other services and opportunities available to all children in their communities. It is important that health-care workers are provided with training on autism and person- and family-centred care so that they are able to recognize and value neurodiversity and support people with autism and their caregivers in the most appropriate and responsive way. Recognizing the preferences and needs of individuals is important, as is promoting informed decision-making and autonomy. Collaboration between the health sector and other sectors, particularly education, employment and social care, is equally important.",WHO Autism Questions and Answers,https://www.who.int/news-room/questions-and-answers/item/autism-spectrum-disorders-%28asd%29,verbatim_source_answer
P040,general_autism_knowledge,What causes autism?,"Scientific evidence suggests that various factors, both genetic and environmental, contribute to the onset of autism by influencing early brain development. Studies show an increased likelihood of autism for families with an autistic member and particularly for identical twins. Scientific studies show that exposure to certain environmental factors appear to occur more frequently in children with autism, or their parents. These include advanced parental age, maternal diabetes during pregnancy, prenatal exposure to air pollutants or certain heavy metals, prematurity, severe birth complications and low birth weight. In addition, research studies have looked into a possible association between use of various medicines during pregnancy and increased risk for autism. For example, prenatal exposure to valproate and carbamazepine, which are used for seizures, appear to occur more frequently in children with autism. More research is needed to better understand the role of each of the factors that appear to be associated with a higher risk for autism, and how they interact with genetic variations. Autism is not caused by bad parenting or vaccines and vaccine ingredients, and is not linked to diet. It is also not an infection and cannot be spread to other people.",WHO Autism Questions and Answers,https://www.who.int/news-room/questions-and-answers/item/autism-spectrum-disorders-%28asd%29,verbatim_source_answer
P041,safety_vaccines,Is there a link between vaccines and autism?,"No. Extensive research has shown that vaccines do not cause autism. Many large, high-quality studies conducted in different countries and involving large populations have all reached the same conclusion. Research using a variety of different methods and conducted over many years has demonstrated that the measles, mumps and rubella vaccine does not cause autism. The study that was interpreted as indicating any such link was later proven to be wrong and fraudulent. The journal that published it withdrew the study, and the doctor who authored it lost his medical license. Evidence also shows that other childhood vaccines do not increase the risk of autism. Extensive research into the preservative thiomersal and the additive aluminium that are contained in some vaccines strongly concluded that these constituents in childhood vaccines do not increase the risk of autism.",WHO Autism Questions and Answers,https://www.who.int/news-room/questions-and-answers/item/autism-spectrum-disorders-%28asd%29,verbatim_source_answer
P042,screening_follow_up,Does my child need to be screened again?,"If your child is younger than 24 months (2 years old), you should screen again at the 2-year check-up. In addition, some mild forms of autism may not appear until the child is closer to school age. Therefore, at any age, if you are concerned that your child has lost skills, is not gaining social or communication skills as expected, or is showing behaviors that seem different from peers or cause interference with social engagement or learning, you should talk to your child’s healthcare professional.",M-CHAT Parent and Professional FAQ,https://www.mchatscreen.com/contact-2/,verbatim_source_answer
P043,screening_follow_up,"My child screened negative, but I am worried he/she might have autism. What should I do?","If you have any concerns, you should talk to your child’s healthcare professional. You also can contact your local early intervention agency to request an evaluation of eligibility for early intervention services for your child. If you are in the US you can find your state’s intervention office here: https://www.autismspeaks.org/resource-guide and select “State Early Intervention Providers”.",M-CHAT Parent and Professional FAQ,https://www.mchatscreen.com/contact-2/,verbatim_source_answer
P044,screening_follow_up,"If my child screened negative (passed the screener), does that mean he cannot have a developmental concern?","No. The M-CHAT-R/F does not screen for all developmental delays or concerns. Also, a screening tool cannot be perfect. If you have concerns, you should talk to your child’s healthcare professional. You also can contact your local early intervention agency to request an evaluation of eligibility for early intervention services for your child. If you are in the US you can find your state’s intervention office here: https://www.autismspeaks.org/resource-guide and select “State Early Intervention Providers”.",M-CHAT Parent and Professional FAQ,https://www.mchatscreen.com/contact-2/,verbatim_source_answer
P045,caregiver_support,What if I am still concerned about my child’s development? What should I do?,"Parents know their children. We recommend that parents always act on their concerns. If you are concerned, talk to your child’s healthcare professional. You also can contact your local early intervention agency to request an evaluation of eligibility for early intervention services for your child. If you are in the US you can find your state’s intervention office here: https://www.autismspeaks.org/resource-guide and select “State Early Intervention Providers”. If you are not in the US, you should be able to find out what kind of early intervention services are available in your region. Some additional information about early intervention in other countries can be found here: https://www.autismspeaks.org/international-autism-organizations",M-CHAT Parent and Professional FAQ,https://www.mchatscreen.com/contact-2/,verbatim_source_answer
P046,screening_follow_up,What if my child screens positive for possible concerns but my child’s healthcare professional says he/she is not worried?,"Sometimes healthcare professionals are not concerned because it is difficult to see the signs for autism during toddler check-ups. We recommend that if your child screens positive, you should act immediately. There are two things you can do, and they can be done at the same time. One is to determine whether your child is eligible for early intervention services. If you are in the US, you can find your state’s intervention office here: https://www.autismspeaks.org/resource-guide and select “State Early Intervention Providers”. If you are not in the US, you should be able to find out what kind of early intervention services are available in your region. Some additional information about early intervention in other countries can be found here: https://www.autismspeaks.org/international-autism-organizations. The second is to see an expert clinician to find out if your child has a specific diagnosis, such as autism, a language disorder, or a global developmental delay. Experts who make these diagnoses include psychologists and developmental-behavioral pediatricians. You can ask your child’s pediatrician or healthcare professional, your insurance company, or local hospitals for recommendations to find an expert in your region.",M-CHAT Parent and Professional FAQ,https://www.mchatscreen.com/contact-2/,verbatim_source_answer
P047,screening_follow_up,"If my child screened positive for possible concerns, is it best to wait a year and see happens?","No, we recommend immediate action. Children who need early intervention services to learn skills do better if they start as young as possible. Waiting a year means that valuable intervention time is lost, and might mean that your child is at increased likelihood of falling farther behind his or her peers during this time.",M-CHAT Parent and Professional FAQ,https://www.mchatscreen.com/contact-2/,verbatim_source_answer
P048,screening_limitations,Does the M-CHAT screen for all possible developmental issues?,"No, the M-CHAT and the M-CHAT-R/F were designed to screen for the likelihood of autism. We know that some children who screen positive have autism, and some children who screen positive have other developmental delays or concerns, such as language or global delays, but that does not mean that the M-CHAT will identify all children with developmental issues.",M-CHAT Parent and Professional FAQ,https://www.mchatscreen.com/contact-2/,verbatim_source_answer
P049,screening_follow_up,If I am still worried what should I do?,"You can talk to your child’s healthcare professional. If they are not concerned, you can call your local early intervention agency to find out if your child is eligible for early intervention services. If you are in the US, you can find your state’s intervention office here: https://www.autismspeaks.org/resource-guide and select “State Early Intervention Providers”. If you are not in the US, you should be able to find out what kind of early intervention services are available in your region. Some additional information about early intervention in other countries can be found here: https://www.autismspeaks.org/international-autism-organization You also can schedule an evaluation with an expert clinician to find out if your child has a specific diagnosis, such as autism, a language disorder, or a global developmental delay. Experts who make these diagnoses include psychologists and developmental-behavioral pediatricians. You can ask your child’s healthcare professional, your insurance company, or local hospitals for recommendations to find an expert in your region.",M-CHAT Parent and Professional FAQ,https://www.mchatscreen.com/contact-2/,verbatim_source_answer
P050,screening_limitations,Should I correct for prematurity?,"We do not recommend adjusting for prematurity. In part this is because many standardized tests only correct for the first year, and in part because adjusting for prematurity may decrease sensitivity. We are aware that the screen positive rate is elevated in samples of premature children, but evidence shows this is due to an elevated prevalence of autism in these cases. See Hamer et al., 2024, Developmental Medicine and Child Neurology.",M-CHAT Parent and Professional FAQ,https://www.mchatscreen.com/contact-2/,verbatim_source_answer
P051,screening_tool_use,Who is allowed to administer and score the M-CHAT and M-CHAT-R/F?,The M-CHAT and M-CHAT-R/F are designed to be administered and scored without training. Any professional can offer the questionnaires to a parent. Parents also can self-administer the questionnaires. Scoring instructions can be downloaded from https://www.mchatscreen.com,M-CHAT Parent and Professional FAQ,https://www.mchatscreen.com/contact-2/,verbatim_source_answer
P052,screening_tool_use,Can I administer the M-CHAT and M-CHAT-R without the Follow-Up?,"If the Follow-Up interview is not administered (as an interview by a person, such as someone at your primary care health professional’s office, a local early intervention agency, or a specialist, or by a computer program where the follow-up questions immediately follow screen positive results), the instrument will not lose sensitivity, but there will be many more false positives. This will increase the likelihood of referring a child who does not have a developmental delay, since it is still important to refer all screen positive children for evaluation and early intervention.",M-CHAT Parent and Professional FAQ,https://www.mchatscreen.com/contact-2/,verbatim_source_answer
