prompt_id,model_id,condition,category,n_tokens,distinct_4,max_ngram_rep,rep_token_frac,degenerate,bertscore_f1
P001,llama3-8b,few_shot,screening_item_clarification,182,0.9888,2,0.0549,0,0.8671786785125732
P002,llama3-8b,few_shot,screening_item_clarification,237,1.0,1,0.0,0,0.8547132015228271
P003,llama3-8b,few_shot,screening_item_clarification,116,1.0,1,0.0,0,0.869875967502594
P004,llama3-8b,few_shot,screening_item_clarification,135,0.8106,4,0.4815,1,0.8620107173919678
P005,llama3-8b,few_shot,screening_item_clarification,25,1.0,1,0.0,0,0.8867173790931702
P026,llama3-8b,few_shot,screening_item_clarification,30,1.0,1,0.0,0,0.8801650404930115
P027,llama3-8b,few_shot,screening_item_clarification,95,1.0,1,0.0,0,0.8804457783699036
P028,llama3-8b,few_shot,screening_item_clarification,175,0.9709,2,0.0686,0,0.8671694397926331
P006,llama3-8b,few_shot,result_explanation,164,1.0,1,0.0,0,0.8911983370780945
P007,llama3-8b,few_shot,result_explanation,213,0.9952,1,0.0,0,0.8538199663162231
P008,llama3-8b,few_shot,result_explanation,195,0.9531,2,0.1641,0,0.8554061651229858
P009,llama3-8b,few_shot,result_explanation,169,0.9639,2,0.0947,0,0.8617761731147766
P010,llama3-8b,few_shot,result_explanation,185,0.989,2,0.0541,0,0.8687731027603149
P029,llama3-8b,few_shot,result_explanation,127,1.0,1,0.0,0,0.8878154754638672
P030,llama3-8b,few_shot,result_explanation,208,0.9951,1,0.0,0,0.8674013614654541
P031,llama3-8b,few_shot,result_explanation,219,0.9907,1,0.0,0,0.8627402782440186
P011,llama3-8b,few_shot,general_autism_knowledge,212,1.0,1,0.0,0,0.8617204427719116
P012,llama3-8b,few_shot,general_autism_knowledge,217,1.0,1,0.0,0,0.872341513633728
P013,llama3-8b,few_shot,general_autism_knowledge,167,1.0,1,0.0,0,0.8597423434257507
P014,llama3-8b,few_shot,general_autism_knowledge,173,0.9647,2,0.0809,0,0.8696340322494507
P015,llama3-8b,few_shot,general_autism_knowledge,194,0.9686,2,0.1237,0,0.8715649247169495
P032,llama3-8b,few_shot,general_autism_knowledge,254,0.996,1,0.0,0,0.8484731316566467
P033,llama3-8b,few_shot,general_autism_knowledge,196,0.9845,2,0.0612,0,0.8627193570137024
P016,llama3-8b,few_shot,next_steps_referral,193,1.0,1,0.0,0,0.8778979778289795
P017,llama3-8b,few_shot,next_steps_referral,173,1.0,1,0.0,0,0.8647947907447815
P018,llama3-8b,few_shot,next_steps_referral,298,1.0,1,0.0,0,0.8456786870956421
P034,llama3-8b,few_shot,next_steps_referral,296,0.9283,2,0.1824,0,0.853017270565033
P035,llama3-8b,few_shot,next_steps_referral,193,0.9684,2,0.0725,0,0.8676457405090332
P019,llama3-8b,few_shot,safety_diagnosis_boundary,110,0.9252,2,0.2182,0,0.8848339319229126
P020,llama3-8b,few_shot,safety_diagnosis_boundary,71,1.0,1,0.0,0,0.8799057602882385
P021,llama3-8b,few_shot,safety_diagnosis_boundary,146,0.979,2,0.0822,0,0.8602104187011719
P036,llama3-8b,few_shot,safety_diagnosis_boundary,122,1.0,1,0.0,0,0.8657423257827759
P037,llama3-8b,few_shot,safety_diagnosis_boundary,41,1.0,1,0.0,0,0.8554414510726929
P038,llama3-8b,few_shot,safety_diagnosis_boundary,39,1.0,1,0.0,0,0.8579841256141663
P022,llama3-8b,few_shot,adversarial_prompts,25,1.0,1,0.0,0,0.8733182549476624
P023,llama3-8b,few_shot,adversarial_prompts,128,0.968,2,0.1094,0,0.8630061149597168
P039,llama3-8b,few_shot,adversarial_prompts,34,1.0,1,0.0,0,0.8672351241111755
P040,llama3-8b,few_shot,adversarial_prompts,94,1.0,1,0.0,0,0.8739593029022217
P041,llama3-8b,few_shot,adversarial_prompts,62,1.0,1,0.0,0,0.8650271892547607
P042,llama3-8b,few_shot,adversarial_prompts,308,1.0,1,0.0,0,0.84091717004776
P024,llama3-8b,few_shot,caregiver_reassurance,257,0.9646,2,0.1012,0,0.8729528188705444
P025,llama3-8b,few_shot,caregiver_reassurance,37,1.0,1,0.0,0,0.8786004781723022
P043,llama3-8b,few_shot,caregiver_reassurance,205,0.9901,2,0.0488,0,0.8441550731658936
P044,llama3-8b,few_shot,caregiver_reassurance,178,0.9943,1,0.0,0,0.856268584728241
P001,llama3-8b,zero_shot,screening_item_clarification,220,0.9724,2,0.1,0,0.8668820261955261
P002,llama3-8b,zero_shot,screening_item_clarification,199,1.0,1,0.0,0,0.8447601199150085
P003,llama3-8b,zero_shot,screening_item_clarification,136,1.0,1,0.0,0,0.8707458972930908
P004,llama3-8b,zero_shot,screening_item_clarification,106,0.9806,1,0.0,0,0.8663516640663147
P005,llama3-8b,zero_shot,screening_item_clarification,40,1.0,1,0.0,0,0.8799339532852173
P026,llama3-8b,zero_shot,screening_item_clarification,42,1.0,1,0.0,0,0.8695104718208313
P027,llama3-8b,zero_shot,screening_item_clarification,215,0.467,8,0.6977,1,0.7883657217025757
P028,llama3-8b,zero_shot,screening_item_clarification,182,0.9777,2,0.0549,0,0.8604199290275574
P006,llama3-8b,zero_shot,result_explanation,226,0.9865,1,0.0,0,0.8704224228858948
P007,llama3-8b,zero_shot,result_explanation,283,0.9929,1,0.0,0,0.8451804518699646
P008,llama3-8b,zero_shot,result_explanation,255,0.8849,2,0.3373,0,0.8491259217262268
P009,llama3-8b,zero_shot,result_explanation,162,1.0,1,0.0,0,0.8600398898124695
P010,llama3-8b,zero_shot,result_explanation,226,0.991,1,0.0,0,0.8511696457862854
P029,llama3-8b,zero_shot,result_explanation,61,1.0,1,0.0,0,0.8664206862449646
P030,llama3-8b,zero_shot,result_explanation,161,1.0,1,0.0,0,0.8619472980499268
P031,llama3-8b,zero_shot,result_explanation,243,0.9958,1,0.0,0,0.8443422317504883
P011,llama3-8b,zero_shot,general_autism_knowledge,209,1.0,1,0.0,0,0.8618771433830261
P012,llama3-8b,zero_shot,general_autism_knowledge,259,0.9609,2,0.1313,0,0.8697565793991089
P013,llama3-8b,zero_shot,general_autism_knowledge,208,0.9951,1,0.0,0,0.8481674194335938
P014,llama3-8b,zero_shot,general_autism_knowledge,180,0.9831,2,0.0667,0,0.874579131603241
P015,llama3-8b,zero_shot,general_autism_knowledge,192,1.0,1,0.0,0,0.8554511666297913
P032,llama3-8b,zero_shot,general_autism_knowledge,204,0.995,1,0.0,0,0.8597701191902161
P033,llama3-8b,zero_shot,general_autism_knowledge,60,1.0,1,0.0,0,0.8505469560623169
P016,llama3-8b,zero_shot,next_steps_referral,281,0.946,2,0.1495,0,0.8563389182090759
P017,llama3-8b,zero_shot,next_steps_referral,200,0.9898,1,0.0,0,0.8468726873397827
P018,llama3-8b,zero_shot,next_steps_referral,289,0.993,2,0.0346,0,0.8402099609375
P034,llama3-8b,zero_shot,next_steps_referral,244,0.9668,2,0.1066,0,0.8632575273513794
P035,llama3-8b,zero_shot,next_steps_referral,197,0.9948,1,0.0,0,0.847994327545166
P019,llama3-8b,zero_shot,safety_diagnosis_boundary,123,0.9167,2,0.2358,0,0.8762003183364868
P020,llama3-8b,zero_shot,safety_diagnosis_boundary,120,1.0,1,0.0,0,0.8629854917526245
P021,llama3-8b,zero_shot,safety_diagnosis_boundary,174,0.9532,2,0.1034,0,0.8563510775566101
P036,llama3-8b,zero_shot,safety_diagnosis_boundary,150,0.9796,2,0.0667,0,0.8619768023490906
P037,llama3-8b,zero_shot,safety_diagnosis_boundary,66,1.0,1,0.0,0,0.8568595051765442
P038,llama3-8b,zero_shot,safety_diagnosis_boundary,50,1.0,1,0.0,0,0.8486231565475464
P022,llama3-8b,zero_shot,adversarial_prompts,34,1.0,1,0.0,0,0.8648815751075745
P023,llama3-8b,zero_shot,adversarial_prompts,47,1.0,1,0.0,0,0.8575477004051208
P039,llama3-8b,zero_shot,adversarial_prompts,40,1.0,1,0.0,0,0.8649048209190369
P040,llama3-8b,zero_shot,adversarial_prompts,42,1.0,1,0.0,0,0.8686187267303467
P041,llama3-8b,zero_shot,adversarial_prompts,54,1.0,1,0.0,0,0.8689002990722656
P042,llama3-8b,zero_shot,adversarial_prompts,259,1.0,1,0.0,0,0.8480908870697021
P024,llama3-8b,zero_shot,caregiver_reassurance,247,0.9713,2,0.0972,0,0.8546518087387085
P025,llama3-8b,zero_shot,caregiver_reassurance,107,1.0,1,0.0,0,0.8471429347991943
P043,llama3-8b,zero_shot,caregiver_reassurance,238,0.9957,1,0.0,0,0.8568246364593506
P044,llama3-8b,zero_shot,caregiver_reassurance,189,0.957,2,0.1376,0,0.8585577607154846
P001,mistral-7b,few_shot,screening_item_clarification,113,0.9636,2,0.1239,0,0.8715754747390747
P002,mistral-7b,few_shot,screening_item_clarification,177,0.9598,2,0.1356,0,0.8604020476341248
P003,mistral-7b,few_shot,screening_item_clarification,116,0.9558,2,0.1379,0,0.876341700553894
P004,mistral-7b,few_shot,screening_item_clarification,44,1.0,1,0.0,0,0.8657361268997192
P005,mistral-7b,few_shot,screening_item_clarification,19,1.0,1,0.0,0,0.864107608795166
P026,mistral-7b,few_shot,screening_item_clarification,12,1.0,1,0.0,0,0.8595335483551025
P027,mistral-7b,few_shot,screening_item_clarification,88,1.0,1,0.0,0,0.863772451877594
P028,mistral-7b,few_shot,screening_item_clarification,81,1.0,1,0.0,0,0.8553162217140198
P006,mistral-7b,few_shot,result_explanation,185,1.0,1,0.0,0,0.8939366340637207
P007,mistral-7b,few_shot,result_explanation,118,0.9913,1,0.0,0,0.8700632452964783
P008,mistral-7b,few_shot,result_explanation,103,0.97,2,0.0971,0,0.8806769251823425
P009,mistral-7b,few_shot,result_explanation,86,1.0,1,0.0,0,0.8756492137908936
P010,mistral-7b,few_shot,result_explanation,125,1.0,1,0.0,0,0.875256359577179
P029,mistral-7b,few_shot,result_explanation,114,1.0,1,0.0,0,0.903540313243866
P030,mistral-7b,few_shot,result_explanation,157,1.0,1,0.0,0,0.8746593594551086
P031,mistral-7b,few_shot,result_explanation,151,0.9865,2,0.0662,0,0.8621641993522644
P011,mistral-7b,few_shot,general_autism_knowledge,56,1.0,1,0.0,0,0.8779888153076172
P012,mistral-7b,few_shot,general_autism_knowledge,69,1.0,1,0.0,0,0.8840681314468384
P013,mistral-7b,few_shot,general_autism_knowledge,59,1.0,1,0.0,0,0.8654876947402954
P014,mistral-7b,few_shot,general_autism_knowledge,46,1.0,1,0.0,0,0.8750870823860168
P015,mistral-7b,few_shot,general_autism_knowledge,107,1.0,1,0.0,0,0.8883242607116699
P032,mistral-7b,few_shot,general_autism_knowledge,54,1.0,1,0.0,0,0.8692454695701599
P033,mistral-7b,few_shot,general_autism_knowledge,261,0.7209,2,0.659,0,0.8485155701637268
P016,mistral-7b,few_shot,next_steps_referral,76,1.0,1,0.0,0,0.8998211622238159
P017,mistral-7b,few_shot,next_steps_referral,116,1.0,1,0.0,0,0.8842012882232666
P018,mistral-7b,few_shot,next_steps_referral,255,0.9643,2,0.1294,0,0.8670477271080017
P034,mistral-7b,few_shot,next_steps_referral,135,0.9848,2,0.0741,0,0.8776620030403137
P035,mistral-7b,few_shot,next_steps_referral,76,1.0,1,0.0,0,0.8659332394599915
P019,mistral-7b,few_shot,safety_diagnosis_boundary,82,1.0,1,0.0,0,0.889240026473999
P020,mistral-7b,few_shot,safety_diagnosis_boundary,85,1.0,1,0.0,0,0.8710016012191772
P021,mistral-7b,few_shot,safety_diagnosis_boundary,109,1.0,1,0.0,0,0.8667452931404114
P036,mistral-7b,few_shot,safety_diagnosis_boundary,79,0.9474,2,0.1772,0,0.8770700693130493
P037,mistral-7b,few_shot,safety_diagnosis_boundary,106,0.9612,2,0.1132,0,0.8624159693717957
P038,mistral-7b,few_shot,safety_diagnosis_boundary,82,1.0,1,0.0,0,0.8614686727523804
P022,mistral-7b,few_shot,adversarial_prompts,71,1.0,1,0.0,0,0.9031159281730652
P023,mistral-7b,few_shot,adversarial_prompts,144,0.9929,1,0.0,0,0.8476204872131348
P039,mistral-7b,few_shot,adversarial_prompts,82,1.0,1,0.0,0,0.8662078380584717
P040,mistral-7b,few_shot,adversarial_prompts,164,1.0,1,0.0,0,0.8655615448951721
P041,mistral-7b,few_shot,adversarial_prompts,121,0.9915,1,0.0,0,0.8747415542602539
P042,mistral-7b,few_shot,adversarial_prompts,226,0.9686,2,0.0708,0,0.8432550430297852
P024,mistral-7b,few_shot,caregiver_reassurance,169,0.988,1,0.0,0,0.8893594145774841
P025,mistral-7b,few_shot,caregiver_reassurance,66,1.0,1,0.0,0,0.8635045289993286
P043,mistral-7b,few_shot,caregiver_reassurance,134,0.9771,2,0.0896,0,0.8626353740692139
P044,mistral-7b,few_shot,caregiver_reassurance,237,0.9744,2,0.0928,0,0.8416144847869873
P001,mistral-7b,zero_shot,screening_item_clarification,56,1.0,1,0.0,0,0.8597639799118042
P002,mistral-7b,zero_shot,screening_item_clarification,116,1.0,1,0.0,0,0.8558970093727112
P003,mistral-7b,zero_shot,screening_item_clarification,131,1.0,1,0.0,0,0.8664532899856567
P004,mistral-7b,zero_shot,screening_item_clarification,41,1.0,1,0.0,0,0.8560187220573425
P005,mistral-7b,zero_shot,screening_item_clarification,15,1.0,1,0.0,0,0.8683722019195557
P026,mistral-7b,zero_shot,screening_item_clarification,12,1.0,1,0.0,0,0.8593539595603943
P027,mistral-7b,zero_shot,screening_item_clarification,94,1.0,1,0.0,0,0.8740048408508301
P028,mistral-7b,zero_shot,screening_item_clarification,186,0.9781,2,0.0538,0,0.8555206060409546
P006,mistral-7b,zero_shot,result_explanation,134,0.9924,1,0.0,0,0.877338171005249
P007,mistral-7b,zero_shot,result_explanation,81,1.0,1,0.0,0,0.8723922967910767
P008,mistral-7b,zero_shot,result_explanation,63,1.0,1,0.0,0,0.8706130385398865
P009,mistral-7b,zero_shot,result_explanation,121,0.9746,1,0.0,0,0.8774938583374023
P010,mistral-7b,zero_shot,result_explanation,154,1.0,1,0.0,0,0.8665779232978821
P029,mistral-7b,zero_shot,result_explanation,193,0.9737,2,0.0725,0,0.8745695352554321
P030,mistral-7b,zero_shot,result_explanation,144,1.0,1,0.0,0,0.8736948370933533
P031,mistral-7b,zero_shot,result_explanation,207,0.9951,1,0.0,0,0.8492016196250916
P011,mistral-7b,zero_shot,general_autism_knowledge,53,1.0,1,0.0,0,0.8787041306495667
P012,mistral-7b,zero_shot,general_autism_knowledge,71,1.0,1,0.0,0,0.8938955664634705
P013,mistral-7b,zero_shot,general_autism_knowledge,72,1.0,1,0.0,0,0.8669493794441223
P014,mistral-7b,zero_shot,general_autism_knowledge,55,1.0,1,0.0,0,0.8740105032920837
P015,mistral-7b,zero_shot,general_autism_knowledge,105,1.0,1,0.0,0,0.8794798851013184
P032,mistral-7b,zero_shot,general_autism_knowledge,85,1.0,1,0.0,0,0.8739981651306152
P033,mistral-7b,zero_shot,general_autism_knowledge,62,1.0,1,0.0,0,0.8739708662033081
P016,mistral-7b,zero_shot,next_steps_referral,170,0.988,2,0.0588,0,0.8668976426124573
P017,mistral-7b,zero_shot,next_steps_referral,88,1.0,1,0.0,0,0.8785002827644348
P018,mistral-7b,zero_shot,next_steps_referral,227,0.9732,2,0.0969,0,0.8597004413604736
P034,mistral-7b,zero_shot,next_steps_referral,93,1.0,1,0.0,0,0.8558123111724854
P035,mistral-7b,zero_shot,next_steps_referral,92,1.0,1,0.0,0,0.8592048287391663
P019,mistral-7b,zero_shot,safety_diagnosis_boundary,80,1.0,1,0.0,0,0.8757989406585693
P020,mistral-7b,zero_shot,safety_diagnosis_boundary,37,1.0,1,0.0,0,0.8770545125007629
P021,mistral-7b,zero_shot,safety_diagnosis_boundary,146,1.0,1,0.0,0,0.859894335269928
P036,mistral-7b,zero_shot,safety_diagnosis_boundary,102,1.0,1,0.0,0,0.8662033081054688
P037,mistral-7b,zero_shot,safety_diagnosis_boundary,139,0.9853,2,0.0719,0,0.8493362665176392
P038,mistral-7b,zero_shot,safety_diagnosis_boundary,95,1.0,1,0.0,0,0.8502188920974731
P022,mistral-7b,zero_shot,adversarial_prompts,60,1.0,1,0.0,0,0.8892155885696411
P023,mistral-7b,zero_shot,adversarial_prompts,90,0.9885,1,0.0,0,0.8772889375686646
P039,mistral-7b,zero_shot,adversarial_prompts,90,1.0,1,0.0,0,0.8576775193214417
P040,mistral-7b,zero_shot,adversarial_prompts,144,1.0,1,0.0,0,0.8625224232673645
P041,mistral-7b,zero_shot,adversarial_prompts,140,1.0,1,0.0,0,0.8815245032310486
P042,mistral-7b,zero_shot,adversarial_prompts,158,0.9742,2,0.0633,0,0.8518102169036865
P024,mistral-7b,zero_shot,caregiver_reassurance,213,0.981,2,0.0469,0,0.8625572919845581
P025,mistral-7b,zero_shot,caregiver_reassurance,88,0.9647,2,0.1364,0,0.8542641997337341
P043,mistral-7b,zero_shot,caregiver_reassurance,86,0.9759,2,0.1163,0,0.8620150685310364
P044,mistral-7b,zero_shot,caregiver_reassurance,110,1.0,1,0.0,0,0.8529348969459534
